Workbook

Sheet Page de garde

Sheet DPGF - LOT 2 Champs Philippe
B3: HAUT DE SEINE HABITAT RPA CHAMPS PHILIPPE
F5: Lot 2 : Réseaux
B7: N° | C7: DESIGNATION | G7: U | H7: Q | I7: PU | J7: Montants
I8: (euros) | J8: (euros)
C9: DÉCHETS le cas échéant
D10: - | E10: Travaux de retrait, manipulation et évacuation de matériaux amiantés, selon descriptif CCTP | G10: Ens | H10: 1 | J10: =H10*I10 -> 0
D11: - | E11: Travaux de retrait, manipulation et évacuation de matériaux plombés, selon descriptif CCTP | G11: Ens | H11: 1 | J11: =H11*I11 -> 0
C13: TOTAL DECHETS….......... | J13: =SUM(J9:J12) -> 0
B15: 2 | C15: LOT 2 - ETUDE D'EXECUTION, INSTALLATION DE CHANTIER ET TRAVAUX PREPARATOIRES
D16: - | E16: Etude d'exécution (Synoptique hydraulique, dimensionnement tuyauterie, calcul de dilatation, étude de structure) | G16: Ens | H16: 1 | J16: =H16*I16 -> 0
D17: - | E17: Installation de chantier | G17: Ens | H17: 1 | J17: =H17*I17 -> 0
D18: - | E18: Repérages avant intervention en logement | G18: Ens | H18: 1 | J18: =H18*I18 -> 0
D19: - | E19: Etat des lieux - Reportage photos | G19: Ens | H19: 1 | J19: =H19*I19 -> 0
D20: - | E20: Protection des ouvrages - Logements | G20: Ens | H20: 1 | J20: =H20*I20 -> 0
C23: TOTAL PARTIE 2….......... | J23: =SUM(J13:J21) -> 0
B25: 3 | C25: LOT 2 - TRAVAUX DISTRIBUTION
B27: 3.1 | C27: Dépose
D28: - | E28: Neutralisation, vidange, dépose de l’ensemble des réseaux horizontaux, y compris calorifuge, vannerie et supports | G28: Ens | H28: 1 | J28: =H28*I28 -> 0
D29: - | E29: Déconnexion des logements et dépose des réseaux verticaux, y compris supports | G29: Ens | H29: 1 | J29: =H29*I29 -> 0
C31: TOTAL PARTIE 3.1….......... | J31: =+SUM(J28:J29) -> 0
B33: 3.2 | C33: Distribution horizontale ECS
D34: - | E34: Percements dans les parois, murs porteurs, poutres, … (parking) | G34: Ens | H34: 1 | J34: =H34*I34 -> 0
D35: - | E35: Tube multicouches conforme au CCTP | G35: ml | H35: 320 | J35: =H35*I35 -> 0
D37: Pieds de colonnes ECS:
D38: - | E38: Vanne d'isolement | G38: U | H38: 15 | J38: =H37*I37 -> 0
D39: - | E39: Vanne de vidange DN 15 bouchonnée | G39: U | H39: 15 | J39: =H38*I38 -> 0
D41: Pieds de colonnes RECS
D42: - | E42: Vanne d'isolement | G42: U | H42: 15 | J42: =H41*I41 -> 0
D43: - | E43: Vanne autoréglage CALEFFI | G43: U | H43: 15 | J43: =H42*I42 -> 0
D44: - | E44: Vanne de vidange DN 15 bouchonnée | G44: U | H44: 15 | J44: =H43*I43 -> 0
D46: Prescriptions Complémentaires:
D47: - | E47: Calorifuge 30 mm finition PVC | G47: m2 | H47: 200 | J47: =H46*I46 -> 0
D48: - | E48: Dépose et mise en place de faux plafond visitable sous-sol (bâtiment A et B) | G48: Ens | H48: 1 | J48: =H47*I47 -> 0
C50: TOTAL PARTIE 3.2….......... | J50: =+SUM(J34:J48) -> 0
B52: 3.3 | C52: Distribution verticale ECS
D53: - | E53: Tube multicouches conforme au CCTP | G53: ml | H53: 450 | J53: =H52*I52 -> 0
D55: Tête de colonnes ECS
D56: - | E56: Vanne d'isolement | G56: U | H56: 15 | J56: =H55*I55 -> 0
D57: - | E57: Purgeur grand débit | G57: U | H57: 15 | J57: =H56*I56 -> 0
D59: Prescriptions Complémentaires:
D60: - | E60: Calorifuge 30 mm finition PVC | G60: m2 | H60: 260 | J60: =H59*I59 -> 0
C62: TOTAL PARTIE 3.3….......... | J62: =+SUM(J53:J60) -> 0
B64: 3.4 | C64: Travaux en logement
D65: - | E65: Dépose de la faillance | G65: U | H65: 75 | J65: =H64*I64 -> 0
D66: - | E66: Agrandissement de la trappe d'accès | G66: U | H66: 75 | J66: =H65*I65 -> 0
D67: - | E67: Mise en place d'une vanne d'arrêt | G67: U | H67: 75 | J67: =H66*I66 -> 0
D68: - | E68: Mise en place d'un clapet antipollution | G68: U | H68: 75 | J68: =H67*I67 -> 0
D69: - | E69: Mise en place d'une manchette | G69: U | H69: 75 | J69: =H68*I68 -> 0
D70: - | E70: Peinture selon descriptif CCTP | G70: m2 | H70: 100 | J70: =H69*I69 -> 0
D71: - | E71: Neutralisation, dépose et repose des WC pour intervention | G71: U | H71: 75 | J71: =H70*I70 -> 0
E72: Nota: L'entreprise devra prévoir en début de chantier 2 WC d’avance pour pallier toute dégradation
C74: TOTAL PARTIE 3.4….......... | J74: =+SUM(J65:J71) -> 0
B76: 3.5 | C76: Equilibrage
D77: - | E77: Repérage et étiquetage de chaque vanne d’équilibrage | G77: Ens | H77: 1 | J77: =H76*I76 -> 0
D78: - | E78: Réglage des débits | G78: Ens | H78: 1 | J78: =H77*I77 -> 0
D79: - | E79: Relève et contrôle des températures | G79: Ens | H79: 1 | J79: =H78*I78 -> 0
D80: - | E80: Fourniture d’une grille d’équilibrage | G80: Ens | H80: 1 | J80: =H79*I79 -> 0
C82: TOTAL PARTIE 3.5….......... | J82: =+SUM(J77:J80) -> 0
C84: TOTAL PARTIE 3….......... | J84: =+J82+J74+J62+J31+J50 -> 0
B86: 4 | C86: LOT 2 - TRAVAUX FIN DE CHANTIER
D87: - | E87: Epreuve et rinçage
D88: - | E88: Remplissage et purge de l'installation | G88: Ens | H88: 1 | J88: =H87*I87 -> 0
D89: - | E89: Analyse d'eau après travaux | G89: Ens | H89: 1 | J89: =H88*I88 -> 0
D90: - | E90: Nettoyage de chantier | G90: Ens | H90: 1 | J90: =H89*I89 -> 0
D91: - | E91: Reception et mise en service des installations | G91: Ens | H91: 1 | J91: =H90*I90 -> 0
D92: - | E92: DOE | G92: Ens | H92: 1 | J92: =H92*I92 -> 0
C94: TOTAL PARTIE 4….......... | J94: =SUM(J88:J92) -> 0
F97: TOTAL BASE HT …………… | J97: =+J94+J84+J23 -> 0
F98: 0.1 | J98: =0.1*J97 -> 0
F99: TOTAL BASE TTC…………… | J99: =ROUND(SUM(J97:J98),2) -> 0

Sheet Récap - LOT 2
A1: Hauts-de-Seine Habitat
A2: 15-17 avenue de Verdun à la Garenne-Colombes, 92250
A3: ='DPGF - LOT 2 Champs Philippe'!F5 -> Lot 2 : Réseaux
A4: =+[1]DPGF!A6 -> N° | B4: =+[1]DPGF!B6 -> DÉSIGNATION | C4: =+[1]DPGF!I6 -> Prix Total
A5: =+[1]DPGF!#REF! -> #REF! | B5: =+[1]DPGF!#REF! -> #REF! | C5: =+[1]DPGF!I7 -> (€ HT)
A7: =+'DPGF - LOT 2 Champs Philippe'!B15 -> 2 | B7: =+'DPGF - LOT 2 Champs Philippe'!C15 -> LOT 2 - ETUDE D'EXECUTION, INSTALLATION DE CHANTIER ET TRAVAUX PREPARATOIRES | C7: =+'DPGF - LOT 2 Champs Philippe'!J23 -> 0
A9: =+'DPGF - LOT 2 Champs Philippe'!B25 -> 3 | B9: =+'DPGF - LOT 2 Champs Philippe'!C25 -> LOT 2 - TRAVAUX DISTRIBUTION | C9: =+'DPGF - LOT 2 Champs Philippe'!J84 -> 0
A10: =+'DPGF - LOT 2 Champs Philippe'!B27 -> 3.1 | B10: =+'DPGF - LOT 2 Champs Philippe'!C27 -> Dépose | C10: =+'DPGF - LOT 2 Champs Philippe'!J31 -> 0
A11: =+'DPGF - LOT 2 Champs Philippe'!B33 -> 3.2 | B11: =+'DPGF - LOT 2 Champs Philippe'!C33 -> Distribution horizontale ECS | C11: =+'DPGF - LOT 2 Champs Philippe'!J50 -> 0
A12: =+'DPGF - LOT 2 Champs Philippe'!B52 -> 3.3 | B12: =+'DPGF - LOT 2 Champs Philippe'!C52 -> Distribution verticale ECS | C12: =+'DPGF - LOT 2 Champs Philippe'!J62 -> 0
A13: =+'DPGF - LOT 2 Champs Philippe'!B64 -> 3.4 | B13: =+'DPGF - LOT 2 Champs Philippe'!C64 -> Travaux en logement | C13: =+'DPGF - LOT 2 Champs Philippe'!J74 -> 0
A14: =+'DPGF - LOT 2 Champs Philippe'!B76 -> 3.5 | B14: =+'DPGF - LOT 2 Champs Philippe'!C76 -> Equilibrage | C14: =+'DPGF - LOT 2 Champs Philippe'!J82 -> 0
A16: ='DPGF - LOT 2 Champs Philippe'!B86 -> 4 | B16: =+'DPGF - LOT 2 Champs Philippe'!C86 -> LOT 2 - TRAVAUX FIN DE CHANTIER | C16: ='DPGF - LOT 2 Champs Philippe'!J94 -> 0
B18: Total LOT 2 - Travaux distribution €HT | C18: =+'DPGF - LOT 2 Champs Philippe'!J97 -> 0
B19: TVA (10%) | C19: =+'DPGF - LOT 2 Champs Philippe'!J98 -> 0
B20: Total LOT 2 - Travaux distribution €TTC | C20: =+'DPGF - LOT 2 Champs Philippe'!J99 -> 0
B22: Date
B24: Signature et cachet
