Workbook

Sheet Page de garde

Sheet DPGF - LOT 1 Champs Philippe
B3: HAUT DE SEINE HABITAT RPA CHAMPS PHILIPPE
F5: Lot 1 : production
B7: N° | C7: DESIGNATION | G7: U | H7: Q | I7: PU | J7: Montants
I8: (euros) | J8: (euros)
C9: DÉCHETS le cas échéant
D10: - | E10: Travaux de retrait, manipulation et évacuation de matériaux amiantés y compris entoilage des parois intérieures, selon descriptif CCTP | G10: Ens | H10: 1 | J10: =H10*I10 -> 0
D11: - | E11: Travaux de retrait, manipulation et évacuation de matériaux plombés, selon descriptif CCTP | G11: Ens | H11: 1 | J11: =H11*I11 -> 0
C13: TOTAL DECHETS….......... | J13: =SUM(J9:J12) -> 0
B15: 2 | C15: LOT 1 - ETUDE D'EXECUTION, INSTALLATION DE CHANTIER ET TRAVAUX PREPARATOIRES
D16: - | E16: Etude d'exécution (Synoptique hydraulique, dimensionnement tuyauterie, calcul de dilatation, étude de structure) | G16: Ens | H16: 1 | J16: =H16*I16 -> 0
D17: - | E17: Installation de chantier | G17: Ens | H17: 1 | J17: =H17*I17 -> 0
D18: - | E18: Etat des lieux - Reportage photos | G18: Ens | H18: 1 | J18: =H18*I18 -> 0
D19: - | E19: Dépose et évacuation des équipements (production) | G19: Ens | H19: 1 | J19: =H19*I19 -> 0
C22: TOTAL PARTIE 2….......... | J22: =SUM(J13:J21) -> 0
B24: 3 | C24: LOT 1 - TRAVAUX PRODUCTION
B26: 3.2 | C26: Mise en place de la production provisoire
D27: - | E27: Mise en place de la production provisoire | G27: Ens | H27: 1 | J27: =H27*I27 -> 0
C29: TOTAL PARTIE 3.2….......... | J29: =SUM(J27) -> 0
B31: 3.3 | C31: Mise en place de la PAC et du ballon
B32: 3.3.1 | D32: Fourniture et mise en place PAC , ballons de stockage et réchauffeur de boucle
D33: - | E33: Fourniture et mise en place de la PAC | G33: Ens | H33: 1 | J33: =H33*I33 -> 0
D34: - | E34: Fourniture et mise en place du ballons de stockage | G34: Ens | H34: 1 | J34: =H34*I34 -> 0
D35: - | E35: Fourniture et mise en place du réchauffeur de boucle | G35: U | H35: 1 | J35: =H35*I35 -> 0
D36: - | E36: Boitier de commande | G36: U | H36: 1 | J36: =H36*I36 -> 0
D37: - | E37: Vannes d’isolement au niveau des piquages | G37: U | H37: 5 | J37: =H37*I37 -> 0
D38: - | E38: Vanne de vidange avec raccordement au puisard | G38: U | H38: 2 | J38: =H38*I38 -> 0
D39: - | E39: Purgeur automatique en point haut avec vanne d’isolement, | G39: U | H39: 3 | J39: =H39*I39 -> 0
D40: - | E40: Thermomètres | G40: U | H40: 5 | J40: =H40*I40 -> 0
D41: - | E41: Vase d'expansion | G41: U | H41: 1 | J41: =H41*I41 -> 0
D42: - | E42: V3V+ servomoteur | G42: U | H42: 1 | J42: =H42*I42 -> 0
D43: - | E43: Un groupe de sécurité ou un ensemble vanne, clapet et soupape de sécurité sur l’alimentation EF | G43: U | H43: 1 | J43: =H43*I43 -> 0
D44: - | E44: Filtre, un réducteur de pression | G44: U | H44: 1 | J44: =H44*I44 -> 0
... D48: - | E48: Implantation Unité extérieure PAC ( Dalle + Enclos ) | G48: U | H48: 1 | J48: =H48*I48 -> 0
C50: TOTAL sous-partie 3.3.1………………………….. | J50: =+SUM(J33:J48) -> 0
B52: 3.3.2 | D52: Raccordement électrique, mise au norme de l’amoire électrique | G52: Ens | H52: 1 | J52: =H52*I52 -> 0
D53: - | E53: Alimentation Hydragreen triphasée | G53: pm
D54: - | E54: Raccordement afficheur sur PAC Maître | G54: pm
D55: - | E55: Alimentation électrique de la vanne 3 voies hors gel par l’unité extérieure en 200 V | G55: pm
D56: - | E56: Alimentation électrique vanne 3 voies hors gel | G56: pm
D57: - | E57: Raccordement des sondes à la PAC Maître | G57: pm
D58: - | E58: Sondes à installer sur le ou les ballons | G58: pm
D59: - | E59: Report de défaut | G59: pm
D60: - | E60: Raccordement du monitoring | G60: pm
D61: - | E61: Organe de coupure générale d’alimentation condamnable et cadenassable | G61: pm
D62: - | E62: Ensemble de protections commandes et organes de régulation | G62: pm
D63: - | E63: Témoin « sous tension » de l’armoire ; | G63: pm
D64: - | E64: Témoin « défaut » général ; | G64: pm
... D70: - | E70: Témoin Défaut adoucisseur | G70: pm
C72: TOTAL sous-partie 3.3.2………………………….. | J72: =+SUM(J52:J70) -> 0
B74: 3.3.3 | D74: Raccordement hydraulique
D76: La fourniture et mise en place du raccord hydraulique entre la PAC en extérieur et le ballon de stockage. inclut les travaux de carottage et calorifuge
D77: - | E77: Marquage-piquetage de l’ensemble des réseaux enterrés | G77: Ens | H77: 1 | J77: =H77*I77 -> 0
D78: - | E78: Terrassement en tranchée | G78: ml | H78: 12 | J78: =H78*I78 -> 0
D79: - | E79: Mise en place des canalisations | G79: ml | H79: 15 | J79: =H79*I79 -> 0
D80: - | E80: Signalisation | G80: Ens | H80: 1 | J80: =H80*I80 -> 0
D81: - | E81: Mise en place de chambre de tirage | G81: Ens | H81: 1 | J81: =H81*I81 -> 0
D82: - | E82: Remise en état des sols à l’identique de l’existant | G82: ml | H82: 12 | J82: =H82*I82 -> 0
D83: - | E83: Traçage électrique | G83: ml | H83: 15 | J83: =H83*I83 -> 0
D85: Fourniture et pose des équipements de fonctionnement et de sécurité , y compris toute sujétion de fourniture, pose, supportage, acessoires etc.
D86: - | E86: Vanne 3 voies + servomoteur | G86: U | H86: 1 | J86: =H86*I86 -> 0
D87: - | E87: Vannes d’isolement | G87: U | H87: 4 | J87: =H87*I87 -> 0
D88: - | E88: Filtre sur le Retour | G88: U | H88: 1 | J88: =H88*I88 -> 0
D89: - | E89: Purgeur automatique | G89: U | H89: 2 | J89: =H89*I89 -> 0
D90: - | E90: Thermomètre | G90: U | H90: 2 | J90: =H90*I90 -> 0
D91: - | E91: Sonde | G91: U | H91: 1 | J91: =H91*I91 -> 0
D92: - | E92: Clapet anti-retour | G92: U | H92: 1 | J92: =H92*I92 -> 0
D93: - | E93: Manometre | G93: U | H93: 1 | J93: =H93*I93 -> 0
D94: - | E94: Soupape de sécurité | G94: U | H94: 1 | J94: =H94*I94 -> 0
D95: - | E95: Manchon anti-vibratile | G95: U | H95: 2 | J95: =H95*I95 -> 0
C97: TOTAL sous-partie 3.3.3………………………….. | J97: =+SUM(J77:J95) -> 0
C99: TOTAL PARTIE 3.3….......... | J99: =+J97+J72+J50 -> 0
B101: 3.4 | C101: Circuits ECS et EF dans la sous-station
D102: Circuit ECS
E103: Départ :
D104: - | E104: Vanne d'isolement | G104: U | H104: 2 | J104: =H104*I104 -> 0
D105: - | E105: Thermomètre | G105: U | H105: 1 | J105: =H105*I105 -> 0
D106: - | E106: Purgeur en point haut | G106: U | H106: 1 | J106: =H106*I106 -> 0
D107: - | E107: Manchette témoin coudée | G107: U | H107: 1 | J107: =H107*I107 -> 0
D108: - | E108: Traitement filmogène | G108: U | H108: 1 | J108: =H108*I108 -> 0
D109: - | E109: Robinet de prélèvement à bec lisse et en laiton | G109: U | H109: 1 | J109: =H109*I109 -> 0
E111: Retour :
D112: - | E112: Pompes avec clapet anti-retour et kit manométrique | G112: U | H112: 1 | J112: =H112*I112 -> 0
D113: - | E113: Manchette témoin droite | G113: U | H113: 1 | J113: =H113*I113 -> 0
D114: - | E114: Robinet de prélèvement à bec lisse et en laiton | G114: U | H114: 1 | J114: =H114*I114 -> 0
D115: - | E115: Vanne d'isolement | G115: U | H115: 2 | J115: =H115*I115 -> 0
D116: - | E116: Thermomètre | G116: U | H116: 1 | J116: =H116*I116 -> 0
D117: - | E117: Vanne de réglage de type TA Hydronics ou équivalent | G117: U | H117: 1 | J117: =H117*I117 -> 0
D118: - | E118: Un clapet anti-retour | G118: U | H118: 1 | J118: =H118*I118 -> 0
D120: Circuit EF
E121: Arrivée Eau Froide :
D122: - | E122: Robinet de puisage équipé d'un clapet anti-retour type HA | G122: U | H122: 1 | J122: =H122*I122 -> 0
D123: - | E123: Vannes d'isolement | G123: U | H123: 4 | J123: =H123*I123 -> 0
D124: - | E124: Vanne avec clapet anti-retour de type EA | G124: U | H124: 1 | J124: =H124*I124 -> 0
E126: Appoint d'eau ECS :
D127: - | E127: Vanne d’isolement | G127: U | H127: 3 | J127: =H127*I127 -> 0
D128: - | E128: Robinet de prélèvement à bec lisse et en laiton | G128: U | H128: 1 | J128: =H128*I128 -> 0
D129: - | E129: Manomètre de contrôle avec robinet d'isolement | G129: U | H129: 1 | J129: =H129*I129 -> 0
D130: - | E130: Manchette témoin coudée avec by-pass selon DTU | G130: U | H130: 1 | J130: =H130*I130 -> 0
D131: - | E131: Compteur d’eau froide volumétrique | G131: U | H131: 1 | J131: =H131*I131 -> 0
D132: - | E132: Clapet antiretour | G132: U | H132: 1 | J132: =H132*I132 -> 0
...

Sheet Récap- LOT 1
A1: Hauts-de-Seine Habitat
A2: 15-17 avenue de Verdun à la Garenne-Colombes, 92250
A3: ='DPGF - LOT 1 Champs Philippe'!F5 -> Lot 1 : production
A4: =+[1]DPGF!A6 -> N° | B4: =+[1]DPGF!B6 -> DÉSIGNATION | C4: =+[1]DPGF!I6 -> Prix Total
A5: =+[1]DPGF!#REF! -> #REF! | B5: =+[1]DPGF!#REF! -> #REF! | C5: =+[1]DPGF!I7 -> (€ HT)
A7: =+'DPGF - LOT 1 Champs Philippe'!B15 -> 2 | B7: =+'DPGF - LOT 1 Champs Philippe'!C15 -> LOT 1 - ETUDE D'EXECUTION, INSTALLATION DE CHANTIER ET TRAVAUX PREPARATOIRES | C7: ='DPGF - LOT 1 Champs Philippe'!J22 -> 0
A9: =+'DPGF - LOT 1 Champs Philippe'!B24 -> 3 | B9: =+'DPGF - LOT 1 Champs Philippe'!C24 -> LOT 1 - TRAVAUX PRODUCTION | C9: ='DPGF - LOT 1 Champs Philippe'!J166 -> 0
A10: =+'DPGF - LOT 1 Champs Philippe'!B26 -> 3.2 | B10: =+'DPGF - LOT 1 Champs Philippe'!C26 -> Mise en place de la production provisoire | C10: ='DPGF - LOT 1 Champs Philippe'!J29 -> 0
A11: =+'DPGF - LOT 1 Champs Philippe'!B31 -> 3.3 | B11: =+'DPGF - LOT 1 Champs Philippe'!C31 -> Mise en place de la PAC et du ballon | C11: ='DPGF - LOT 1 Champs Philippe'!J99 -> 0
A12: =+'DPGF - LOT 1 Champs Philippe'!B101 -> 3.4 | B12: =+'DPGF - LOT 1 Champs Philippe'!C101 -> Circuits ECS et EF dans la sous-station | C12: ='DPGF - LOT 1 Champs Philippe'!J137 -> 0
A13: =+'DPGF - LOT 1 Champs Philippe'!B139 -> 3.5 | B13: =+'DPGF - LOT 1 Champs Philippe'!C139 -> Calorifuge | C13: ='DPGF - LOT 1 Champs Philippe'!J142 -> 0
A14: =+'DPGF - LOT 1 Champs Philippe'!B144 -> 3.6 | B14: =+'DPGF - LOT 1 Champs Philippe'!C144 -> Flocage du local technique | C14: ='DPGF - LOT 1 Champs Philippe'!J147 -> 0
A15: =+'DPGF - LOT 1 Champs Philippe'!B149 -> 3.7 | B15: =+'DPGF - LOT 1 Champs Philippe'!C149 -> Installation d’éclairage supplémentaire | C15: ='DPGF - LOT 1 Champs Philippe'!J152 -> 0
A16: =+'DPGF - LOT 1 Champs Philippe'!B154 -> 3.8 | B16: =+'DPGF - LOT 1 Champs Philippe'!C154 -> Ragréage du sol et peinture | C16: ='DPGF - LOT 1 Champs Philippe'!J159 -> 0
A17: =+'DPGF - LOT 1 Champs Philippe'!B161 -> 3.9 | B17: =+'DPGF - LOT 1 Champs Philippe'!C161 -> Enclos acoustique | C17: ='DPGF - LOT 1 Champs Philippe'!J164 -> 0
A19: ='DPGF - LOT 1 Champs Philippe'!B168 -> 4 | B19: =+'DPGF - LOT 1 Champs Philippe'!C168 -> LOT 1 - TRAVAUX FIN DE CHANTIER | C19: =+'DPGF - LOT 1 Champs Philippe'!J176 -> 0
B23: Total LOT 1 - Travaux production €HT | C23: ='DPGF - LOT 1 Champs Philippe'!J179 -> 0
B24: TVA (10%) | C24: ='DPGF - LOT 1 Champs Philippe'!J180 -> 0
B25: Total LOT 1 - Travaux production €TTC | C25: ='DPGF - LOT 1 Champs Philippe'!J181 -> 0
B27: Date
B29: Signature et cachet
